donor_id,classification,percent,sample_id
hd1,singlet,92.66409266409266,NA
hd2,singlet,90.38843434744618,NA
hd3,singlet,91.89895470383276,NA
hd4,singlet,91.9966791199668,NA
hd5,singlet,91.30872905907546,NA
hd6,singlet,90.76139670223084,NA
hd7,singlet,89.53549060542797,NA
hd8,singlet,90.46227417640807,NA
hd9,singlet,92.46455834242093,NA
hd10,singlet,92.03806194776192,NA
hd11,singlet,91.9059549046059,NA
hd12,singlet,90.04924086992203,NA
hd1,doublet,7.335907335907336,NA
hd2,doublet,9.611565652553816,NA
hd3,doublet,8.101045296167248,NA
hd4,doublet,8.00332088003321,NA
hd5,doublet,8.69127094092455,NA
hd6,doublet,9.238603297769156,NA
hd7,doublet,10.464509394572024,NA
hd8,doublet,9.537725823591924,NA
hd9,doublet,7.535441657579062,NA
hd10,doublet,7.9619380522380805,NA
hd11,doublet,8.094045095394103,NA
hd12,doublet,9.950759130077964,NA
