cluster,broad,fine
0,T_cells,T_cell:CD4+_central_memory
1,Monocyte,Monocyte:CD16-
2,NK_cell,NK_cell
3,T_cells,T_cell:CD4+_Naive
4,NK_cell,NK_cell
5,T_cells,T_cell:CD4+_Naive
6,T_cells,T_cell:CD8+
7,T_cells,T_cell:CD4+_Naive
8,NK_cell,NK_cell
9,B_cell,B_cell:Naive
10,B_cell,B_cell:Memory
11,T_cells,T_cell:CD8+
12,Monocyte,Monocyte:CD16+
13,T_cells,T_cell:CD4+_effector_memory
14,Monocyte,Monocyte:CD16-
15,Monocyte,Monocyte
16,NK_cell,NK_cell
17,NK_cell,NK_cell:IL2
18,Neutrophils,Neutrophils
19,B_cell,B_cell:Plasma_cell
20,CMP,CMP
