donor_id,batch,Freq
D-001,DM_1,2383
D-002,DM_1,3706
D-003,DM_1,2740
D-004,DM_1,2769
D-202,DM_2,5520
D-203,DM_2,3615
D-204,DM_2,4256
D-205,DM_2,4423
D-206,DM_3,4153
D-207,DM_3,4421
D-208,DM_3,2908
D-209,DM_3,3577
D-210,DM_4,5216
D-211,DM_4,4017
D-212,DM_4,4615
D-213,DM_4,4422
D-214,DM_5,4504
D-215,DM_5,4726
D-216,DM_5,4856
D-217,DM_5,4434
D-218,DM_6,5142
D-219,DM_6,4954
D-221,DM_6,5092
D-222,DM_6,5550
D-223,DM_7,4885
D-224,DM_7,4928
D-225,DM_7,4899
D-226,DM_7,4808
D-227,DM_8,5661
D-228,DM_8,5427
D-229,DM_8,4288
D-230,DM_8,4340
D-005,DM_9,4221
D-006,DM_9,5047
D-007,DM_9,4340
D-008,DM_9,4188
D-231,DM_10,6170
D-232,DM_10,6118
