batch,classification,percent
DM_1,singlet,89.32532347504622
DM_2,singlet,92.17157344647384
DM_3,singlet,91.6499300103463
DM_4,singlet,92.04957678355503
DM_5,singlet,92.03399095562293
DM_6,singlet,91.14402496374105
DM_7,singlet,91.69485155956407
DM_8,singlet,91.69806055532301
DM_9,singlet,92.6247853016187
DM_10,singlet,94.48673587081892
DM_1,doublet,10.67467652495379
DM_2,doublet,7.828426553526155
DM_3,doublet,8.350069989653704
DM_4,doublet,7.950423216444983
DM_5,doublet,7.966009044377081
DM_6,doublet,8.855975036258954
DM_7,doublet,8.305148440435927
DM_8,doublet,8.301939444676993
DM_9,doublet,7.3752146983813045
DM_10,doublet,5.513264129181084
