donor_id,classification,percent
D-001,singlet,88.95110115714819
D-002,singlet,86.16600790513834
D-003,singlet,91.12071832391088
D-004,singlet,92.3923923923924
D-005,singlet,92.20183486238533
D-006,singlet,93.61899462066407
D-007,singlet,92.83422459893048
D-008,singlet,91.66119500984898
D-202,singlet,92.3076923076923
D-203,singlet,92.85897765219624
D-204,singlet,91.98184568835099
D-205,singlet,91.63041226434639
D-206,singlet,90.99474145486415
D-207,singlet,92.08498229535513
D-208,singlet,92.22962258166825
D-209,singlet,91.41323792486583
D-210,singlet,90.63423110338836
D-211,singlet,92.85714285714286
D-212,singlet,92.76381909547739
D-213,singlet,92.2787979966611
D-214,singlet,92.08750766714373
D-215,singlet,92.73940345368918
D-216,singlet,91.67453275438928
D-217,singlet,91.63050216986981
D-218,singlet,91.2997159090909
D-219,singlet,90.1875113781176
D-221,singlet,93.03855289603507
D-222,singlet,90.1705930138099
D-223,singlet,91.24019424729174
D-224,singlet,92.35382308845578
D-225,singlet,91.8103448275862
D-226,singlet,91.37210186240972
D-227,singlet,91.79503810604832
D-228,singlet,91.05704697986577
D-229,singlet,91.62393162393163
D-230,singlet,92.45845760545377
D-231,singlet,94.67546417063066
D-232,singlet,94.2971639950678
D-001,doublet,11.048898842851811
D-002,doublet,13.83399209486166
D-003,doublet,8.879281676089125
D-004,doublet,7.6076076076076085
D-005,doublet,7.79816513761468
D-006,doublet,6.38100537933593
D-007,doublet,7.165775401069519
D-008,doublet,8.338804990151019
D-202,doublet,7.6923076923076925
D-203,doublet,7.141022347803751
D-204,doublet,8.018154311649017
D-205,doublet,8.369587735653615
D-206,doublet,9.005258545135845
D-207,doublet,7.915017704644865
D-208,doublet,7.770377418331748
D-209,doublet,8.586762075134168
D-210,doublet,9.365768896611643
D-211,doublet,7.142857142857142
D-212,doublet,7.236180904522612
D-213,doublet,7.721202003338898
D-214,doublet,7.912492332856266
D-215,doublet,7.260596546310833
D-216,doublet,8.325467245610724
D-217,doublet,8.369497830130191
D-218,doublet,8.700284090909092
D-219,doublet,9.812488621882395
D-221,doublet,6.961447103964918
D-222,doublet,9.82940698619009
D-223,doublet,8.759805752708255
D-224,doublet,7.646176911544228
D-225,doublet,8.189655172413794
D-226,doublet,8.62789813759027
D-227,doublet,8.20496189395168
D-228,doublet,8.942953020134228
D-229,doublet,8.376068376068375
D-230,doublet,7.541542394546228
D-231,doublet,5.324535829369341
D-232,doublet,5.702836004932182
