donor_id,cells,median_nFeature_RNA,median_nCount_RNA,median_percent_mt
D-001,2699,929,1968,3.79746835443038
D-002,4331,1064,2340,3.06033226464588
D-003,3056,909,1832,4.038446207019205
D-004,3057,837,1795,3.07692307692308
D-005,4589,1636,3949,2.80862181580666
D-006,5467,1378,3613,2.61104441776711
D-007,4711,1633,4286,2.98013245033113
D-008,4613,1671,3849,2.61793675479523
D-202,6025,935,2145,3.62051625879987
D-203,3956,910,1890.5,3.33683853384996
D-204,4693,951,2110,3.14861460957179
D-205,4887,988,2234,3.04422745548535
D-206,4712,791,1656.5,3.45166963765913
D-207,4984,787,1619,3.73939877730618
D-208,3215,849,1817,3.19148936170213
D-209,4051,788,1658,3.59408033826638
D-210,5770,1949,4722,2.88523679919668
D-211,4352,1901,4684,3.008973277474235
D-212,4988,1921,4766,2.864369735577715
D-213,4842,1976,4699.5,2.96912800744549
D-214,4987,1628,4146,1.78476291955248
D-215,5118,1710.5,4272,2.0225303430712547
D-216,5379,1804,4595,2.1117815179422
D-217,4885,1724,4333,2.1729079981507202
D-218,5665,1507,3665,2.93441753579636
D-219,5522,1830,5038,2.54550304474613
D-221,5493,1453,3710,2.46850089997429
D-222,6194,1523,4100,2.74266305288772
D-223,5393,1729,4558,2.27713178294574
D-224,5376,1637,4115,2.93979677546537
D-225,5357,1814,4221,2.9940119760479
D-226,5285,1778,4899,2.41003271537623
D-227,6192,1457.5,3634,2.741389849232985
D-228,5998,1522,3769.5,2.632509211305865
D-229,4695,1524,3972,2.64005151320026
D-230,4752,1380,3638.5,2.5204238764449753
D-231,6602,1261,3070,2.3000021791234504
D-232,6558,1344,3773,2.0032132272099252
