p_val,avg_log2FC,pct.1,pct.2,p_val_adj,cluster,gene
0,3.4353510894802772,0.318,0.034,0,0,TSHZ2
0,2.5999526839229445,0.733,0.157,0,0,LEF1
0,2.517816946135094,0.385,0.08,0,0,TRABD2A
0,2.4728860577096268,0.558,0.122,0,0,CCR7
0,2.4572527900606786,0.525,0.13,0,0,PRKCQ-AS1
0,2.41345780876648,0.57,0.12,0,0,MAL
0,2.17970133674424,0.463,0.135,0,0,IL6ST
0,2.1475565201877327,0.87,0.286,0,0,TCF7
0,2.096313067800633,0.576,0.173,0,0,RCAN3
0,2.034176442140137,0.334,0.115,0,0,AL499604.1
0,2.033403543131599,0.557,0.162,0,0,CAMK4
0,1.9692979138379845,0.264,0.074,0,0,ITGA6
0,1.9555588539373343,0.308,0.087,0,0,TRAT1
0,1.8622504941236662,0.304,0.1,0,0,SERINC5
0,1.8457719996266377,0.354,0.116,0,0,TESPA1
0,1.8250886858354,0.259,0.086,0,0,PRKCA
0,1.823801475603004,0.389,0.126,0,0,OXNAD1
0,1.8147920319282551,0.302,0.084,0,0,NELL2
0,1.7943340044215108,0.397,0.126,0,0,INPP4B
0,1.760889138013467,0.306,0.109,0,0,CHMP7
0,4.777226864216165,0.396,0.018,0,1,SH2D1B
0,4.573663929905514,0.463,0.029,0,1,KLRC2
0,4.138178059358301,0.587,0.039,0,1,KLRF1
0,4.029591904575708,0.261,0.017,0,1,NCR1
0,3.9476110698051956,0.587,0.059,0,1,CLIC3
0,3.758273576943677,0.387,0.052,0,1,IGFBP7
0,3.7557235966307068,0.258,0.02,0,1,KIR3DL1
0,3.6848949719769055,0.639,0.097,0,1,SPON2
0,3.352209942417654,0.912,0.175,0,1,PRF1
0,3.3233209720778483,0.622,0.109,0,1,IL2RB
0,3.305870094885403,0.944,0.195,0,1,GNLY
0,3.3056054252956977,0.33,0.038,0,1,PTGDR
0,3.2758744446230574,0.601,0.081,0,1,S1PR5
0,3.2293440424129933,0.448,0.061,0,1,TTC38
0,3.2092705376174315,0.905,0.14,0,1,GZMB
0,3.20832361440503,0.805,0.114,0,1,KLRD1
0,3.0190164547722533,0.472,0.064,0,1,PRSS23
0,2.9908157946063576,0.712,0.131,0,1,HOPX
0,2.9829075202596025,0.825,0.133,0,1,FGFBP2
0,2.9531489227017937,0.267,0.052,0,1,AC092821.3
0,5.782271307120486,0.987,0.079,0,2,S100A8
0,5.656886654978179,0.843,0.029,0,2,S100A12
0,5.616389257919463,0.273,0.007,0,2,CLEC4E
0,5.440601127135407,0.995,0.124,0,2,S100A9
0,5.29526708377767,0.81,0.036,0,2,CD14
0,5.223755247817654,0.888,0.048,0,2,VCAN
0,5.089746375925072,0.506,0.026,0,2,AC020656.1
0,5.076012154686719,0.257,0.009,0,2,STAB1
0,5.0211189931497735,0.487,0.024,0,2,RBP7
0,4.891215632131962,0.314,0.014,0,2,MGST1
0,4.790034114255349,0.786,0.042,0,2,MS4A6A
0,4.789845503558376,0.254,0.011,0,2,CYP1B1
0,4.7641204190292115,0.998,0.146,0,2,LYZ
0,4.760472491868315,0.749,0.046,0,2,CSF3R
0,4.76018191365647,0.396,0.025,0,2,RETN
0,4.625979280280763,0.307,0.018,0,2,BST1
0,4.6204227388296815,0.649,0.036,0,2,LGALS2
0,4.591952919698033,0.481,0.035,0,2,PLBD1
0,4.5805815513909325,0.427,0.024,0,2,ASGR1
0,4.510101082789871,0.733,0.062,0,2,MNDA
0,2.594691521387865,0.302,0.052,0,3,CRIP2
0,2.202615691728869,0.473,0.112,0,3,AQP3
0,2.105045371538186,0.457,0.128,0,3,GATA3
0,2.0883113920327894,0.43,0.135,0,3,LMNA
0,1.8487214976089068,0.35,0.087,0,3,CD28
0,1.7871617908784485,0.287,0.081,0,3,HNRNPLL
0,1.7530422446128788,0.255,0.069,0,3,TNFRSF25
0,1.7006570423968639,0.581,0.197,0,3,CD5
0,1.6174115647440073,0.447,0.136,0,3,INPP4B
0,1.6072346449075556,0.335,0.097,0,3,TRAT1
0,1.605858661636311,0.876,0.336,0,3,IL7R
0,1.5074811691188366,0.558,0.256,0,3,RGCC
0,1.49520250330837,0.932,0.459,0,3,LTB
0,1.4801322138649935,0.348,0.112,0,3,CD82
0,1.4536470123411365,0.581,0.239,0,3,PBXIP1
0,1.4501172309690649,0.481,0.158,0,3,MAL
0,1.4463925408141098,0.289,0.103,0,3,CDC14A
0,1.3494304815290388,0.354,0.151,0,3,TRADD
0,1.346282353502898,0.264,0.101,0,3,LRRC8C
0,1.31203061207616,0.468,0.207,0,3,TTC39C
0,3.6715536985000723,0.726,0.103,0,4,CD8A
0,3.195358725077369,0.424,0.061,0,4,GZMK
0,3.1711767104668303,0.606,0.07,0,4,CD8B
0,2.4170357078607134,0.452,0.1,0,4,KLRG1
0,1.9843917619760463,0.501,0.165,0,4,LYAR
0,1.7975968635759338,0.657,0.21,0,4,GZMH
0,1.7163658232079961,0.29,0.111,0,4,THEMIS
0,1.6943006057968368,0.982,0.352,0,4,CCL5
0,1.5088296628446185,0.435,0.185,0,4,CMC1
0,1.4990857938220543,0.805,0.513,0,4,DUSP2
0,1.4948932581550598,0.364,0.141,0,4,SAMD3
0,1.4842056642109913,0.289,0.138,0,4,CYTOR
0,1.439516097797818,0.299,0.103,0,4,FCRL6
0,1.433113773123277,0.509,0.208,0,4,C12orf75
0,1.425078446069969,0.407,0.157,0,4,TGFBR3
0,1.412441249905069,0.756,0.244,0,4,GZMA
0,1.3412078422498044,0.627,0.302,0,4,CD3G
0,1.3385164552829265,0.501,0.195,0,4,KLRK1
0,1.307368933041198,0.766,0.373,0,4,CD3D
0,1.230818763826663,0.286,0.119,0,4,MYBL1
0,10.242025226761122,0.373,0.001,0,5,LYPD2
0,8.462786029046425,0.315,0.001,0,5,AC104809.2
0,7.051728332704178,0.829,0.022,0,5,CDKN1C
0,6.22466415298445,0.455,0.008,0,5,CKB
0,5.753161631806728,0.307,0.007,0,5,MS4A4A
0,5.679051140196023,0.263,0.005,0,5,ICAM4
0,5.510368349968646,0.449,0.01,0,5,NEURL1
0,5.325473776074696,0.701,0.024,0,5,HES4
0,5.181466868401332,0.344,0.01,0,5,BATF3
0,5.147028464554331,0.258,0.007,0,5,AC064805.1
0,5.142896238819578,0.867,0.049,0,5,SMIM25
0,5.0726153601219455,0.819,0.048,0,5,CSF1R
0,5.066175057275417,0.378,0.011,0,5,LINC02432
0,5.021909425678178,0.262,0.007,0,5,PAPSS2
0,5.00713181220634,0.761,0.033,0,5,TCF7L2
0,4.929607884681767,0.889,0.072,0,5,MS4A7
0,4.90173274943846,0.675,0.032,0,5,SIGLEC10
0,4.521504898623686,0.356,0.016,0,5,MYOF
0,4.477463283484229,0.419,0.019,0,5,CDH23
0,4.466364519215646,0.613,0.034,0,5,ZNF703
